date,sentiment_score,,,
6-26-87,,,,
7-17-87,,,,
7-24-87,36.0%,,,
7-31-87,26.0%,,,
8-7-87,56.0%,,,
8-14-87,45.0%,,,
8-21-87,66.0%,,,
8-28-87,52.0%,,,
9-4-87,42.0%,,,
9-11-87,50.0%,,,
9-18-87,60.0%,,,
9-25-87,53.0%,,,
10-2-87,44.0%,,,
10-9-87,46.0%,,,
10-16-87,37.0%,,,
10-23-87,39.0%,,,
10-30-87,44.0%,,,
11-6-87,47.0%,,,
11-13-87,31.0%,,,
11-20-87,39.0%,,,
11-27-87,27.0%,,,
12-4-87,25.0%,,,
12-11-87,23.0%,,,
12-18-87,33.0%,,,
12-24-87,28.0%,,,
12-31-87,25.0%,,,
1-8-88,34.0%,,,
1-15-88,34.0%,,,
1-22-88,21.0%,,,
1-29-88,26.0%,,,
2-5-88,32.0%,,,
2-12-88,32.0%,,,
2-19-88,27.0%,,,
2-26-88,30.0%,,,
3-4-88,38.0%,,,
3-11-88,43.0%,,,
3-18-88,41.0%,,,
3-25-88,45.0%,,,
4-1-88,35.0%,,,
4-8-88,33.0%,,,
4-15-88,23.0%,,,
4-22-88,23.0%,,,
4-29-88,22.0%,,,
5-6-88,38.0%,,,
5-13-88,19.0%,,,
5-20-88,23.0%,,,
5-27-88,28.0%,,,
6-3-88,26.0%,,,
6-10-88,28.0%,,,
6-17-88,29.0%,,,
6-24-88,33.0%,,,
7-1-88,45.0%,,,
7-8-88,35.0%,,,
7-15-88,26.0%,,,
7-22-88,16.0%,,,
7-29-88,23.0%,,,
8-5-88,21.0%,,,
8-12-88,26.0%,,,
8-19-88,19.0%,,,
8-26-88,28.0%,,,
9-2-88,18.0%,,,
9-9-88,17.0%,,,
9-16-88,24.0%,,,
9-23-88,20.0%,,,
9-30-88,26.0%,,,
10-7-88,13.0%,,,
10-14-88,22.0%,,,
10-21-88,26.0%,,,
10-28-88,40.0%,,,
11-4-88,35.0%,,,
11-11-88,23.0%,,,
11-18-88,30.0%,,,
11-25-88,17.0%,,,
12-2-88,19.0%,,,
12-9-88,17.0%,,,
12-16-88,24.0%,,,
12-23-88,22.0%,,,
12-30-88,24.0%,,,
1-6-89,26.0%,,,
1-13-89,36.0%,,,
1-20-89,36.0%,,,
1-27-89,32.0%,,,
2-3-89,33.0%,,,
2-10-89,43.0%,,,
2-17-89,42.0%,,,
2-24-89,29.0%,,,
3-3-89,29.0%,,,
3-10-89,13.0%,,,
3-17-89,28.0%,,,
3-23-89,29.0%,,,
3-31-89,18.0%,,,
4-7-89,23.0%,,,
4-14-89,25.0%,,,
4-21-89,21.0%,,,
4-28-89,31.0%,,,
5-5-89,30.0%,,,
5-12-89,38.0%,,,
5-19-89,43.0%,,,
5-26-89,48.0%,,,
6-2-89,42.0%,,,
6-9-89,43.0%,,,
6-16-89,32.0%,,,
6-23-89,33.0%,,,
6-30-89,40.0%,,,
7-7-89,37.0%,,,
7-14-89,22.0%,,,
7-21-89,32.0%,,,
7-28-89,41.0%,,,
8-4-89,35.0%,,,
8-11-89,53.0%,,,
8-18-89,35.0%,,,
8-25-89,45.0%,,,
9-1-89,34.0%,,,
9-8-89,30.0%,,,
9-15-89,31.0%,,,
9-22-89,24.0%,,,
9-29-89,33.0%,,,
10-6-89,24.0%,,,
10-13-89,28.0%,,,
10-20-89,39.0%,,,
10-27-89,36.0%,,,
11-3-89,37.0%,,,
11-10-89,27.0%,,,
11-17-89,24.0%,,,
11-22-89,27.0%,,,
12-1-89,28.0%,,,
12-8-89,31.0%,,,
12-15-89,42.0%,,,
12-22-89,36.0%,,,
12-29-89,35.0%,,,
1-5-90,40.0%,,,
1-12-90,45.0%,,,
1-19-90,31.0%,,,
1-26-90,24.0%,,,
2-2-90,15.0%,,,
2-9-90,19.0%,,,
2-16-90,23.0%,,,
2-23-90,24.0%,,,
3-2-90,21.0%,,,
3-9-90,22.0%,,,
3-16-90,25.0%,,,
3-23-90,37.0%,,,
3-30-90,34.0%,,,
4-6-90,38.0%,,,
4-12-90,27.0%,,,
4-20-90,34.0%,,,
4-27-90,28.0%,,,
5-4-90,20.0%,,,
5-11-90,28.0%,,,
5-18-90,37.0%,,,
5-25-90,39.0%,,,
6-1-90,37.0%,,,
6-8-90,35.0%,,,
6-15-90,43.0%,,,
6-22-90,34.0%,,,
6-29-90,31.0%,,,
7-6-90,28.0%,,,
7-13-90,40.0%,,,
7-20-90,40.0%,,,
7-27-90,52.0%,,,
8-3-90,26.0%,,,
8-10-90,25.0%,,,
8-17-90,18.0%,,,
8-24-90,25.0%,,,
8-31-90,23.0%,,,
9-7-90,33.0%,,,
9-14-90,16.0%,,,
9-21-90,13.0%,,,
9-28-90,26.0%,,,
10-5-90,15.0%,,,
10-12-90,21.0%,,,
10-19-90,13.0%,,,
10-26-90,23.0%,,,
11-2-90,20.0%,,,
11-9-90,20.0%,,,
11-16-90,12.0%,,,
11-21-90,16.0%,,,
11-30-90,22.0%,,,
12-7-90,26.0%,,,
12-14-90,31.0%,,,
12-21-90,16.0%,,,
12-28-90,30.0%,,,
1-4-91,31.0%,,,
1-11-91,22.0%,,,
1-18-91,22.0%,,,
1-25-91,25.0%,,,
2-1-91,29.0%,,,
2-8-91,36.0%,,,
2-15-91,46.0%,,,
2-22-91,57.0%,,,
3-1-91,50.0%,,,
3-8-91,50.0%,,,
3-15-91,55.0%,,,
3-22-91,42.0%,,,
3-29-91,47.0%,,,
4-5-91,58.0%,,,
4-12-91,43.0%,,,
4-19-91,39.0%,,,
4-26-91,55.0%,,,
5-3-91,39.0%,,,
5-10-91,38.0%,,,
5-17-91,42.0%,,,
5-24-91,38.0%,,,
5-31-91,42.0%,,,
6-7-91,46.0%,,,
6-14-91,47.0%,,,
6-21-91,44.0%,,,
6-28-91,28.0%,,,
7-3-91,28.0%,,,
7-12-91,41.0%,,,
7-19-91,27.0%,,,
7-26-91,35.0%,,,
8-2-91,33.0%,,,
8-9-91,26.0%,,,
8-16-91,37.0%,,,
8-23-91,32.0%,,,
8-30-91,41.0%,,,
9-6-91,36.0%,,,
9-13-91,43.0%,,,
9-20-91,32.0%,,,
9-27-91,31.0%,,,
10-4-91,35.0%,,,
10-11-91,39.0%,,,
10-18-91,30.0%,,,
10-25-91,31.0%,,,
11-1-91,52.0%,,,
11-8-91,32.0%,,,
11-15-91,38.0%,,,
11-22-91,48.0%,,,
11-27-91,33.0%,,,
12-6-91,23.0%,,,
12-13-91,33.0%,,,
12-20-91,36.0%,,,
12-27-91,39.0%,,,
1-3-92,49.0%,,,
1-10-92,48.0%,,,
1-17-92,51.0%,,,
1-24-92,46.0%,,,
1-31-92,47.0%,,,
2-7-92,36.0%,,,
2-14-92,46.0%,,,
2-21-92,47.0%,,,
2-28-92,43.0%,,,
3-6-92,45.0%,,,
3-13-92,38.0%,,,
3-20-92,48.0%,,,
3-27-92,43.0%,,,
4-3-92,35.0%,,,
4-10-92,43.0%,,,
4-17-92,37.0%,,,
4-24-92,52.0%,,,
5-1-92,29.0%,,,
5-8-92,43.0%,,,
5-15-92,40.0%,,,
5-22-92,48.0%,,,
5-29-92,41.0%,,,
6-5-92,41.0%,,,
6-12-92,31.0%,,,
6-19-92,35.0%,,,
6-26-92,39.0%,,,
7-2-92,21.0%,,,
7-9-92,23.0%,,,
7-17-92,29.0%,,,
7-24-92,32.0%,,,
7-31-92,22.0%,,,
8-5-92,28.0%,,,
8-14-92,26.0%,,,
8-21-92,22.0%,,,
8-28-92,30.0%,,,
9-4-92,14.0%,,,
9-11-92,22.0%,,,
9-18-92,21.0%,,,
9-25-92,25.0%,,,
10-2-92,30.0%,,,
10-9-92,21.0%,,,
10-16-92,20.0%,,,
10-23-92,21.0%,,,
10-30-92,35.0%,,,
11-6-92,49.0%,,,
11-13-92,37.0%,,,
11-20-92,48.0%,,,
11-25-92,43.0%,,,
12-4-92,37.0%,,,
12-11-92,43.0%,,,
12-18-92,63.0%,,,
12-24-92,55.0%,,,
1-1-93,60.0%,,,
1-8-93,20.0%,,,
1-15-93,54.0%,,,
1-22-93,41.0%,,,
1-29-93,40.0%,,,
2-5-93,44.0%,,,
2-12-93,47.0%,,,
2-19-93,46.0%,,,
2-26-93,34.0%,,,
3-5-93,27.0%,,,
3-12-93,45.0%,,,
3-19-93,41.0%,,,
3-26-93,43.0%,,,
4-2-93,37.0%,,,
4-9-93,32.0%,,,
4-16-93,31.0%,,,
4-23-93,28.0%,,,
4-30-93,22.0%,,,
5-7-93,21.0%,,,
5-14-93,20.0%,,,
5-21-93,21.0%,,,
5-28-93,24.0%,,,
6-4-93,33.0%,,,
6-11-93,23.0%,,,
6-18-93,22.0%,,,
6-25-93,28.0%,,,
7-2-93,18.0%,,,
7-9-93,21.0%,,,
7-16-93,22.0%,,,
7-23-93,24.0%,,,
7-30-93,25.0%,,,
8-6-93,26.0%,,,
8-13-93,25.0%,,,
8-20-93,29.0%,,,
8-27-93,27.0%,,,
9-3-93,38.0%,,,
9-10-93,30.0%,,,
9-17-93,32.0%,,,
9-24-93,28.0%,,,
10-1-93,26.0%,,,
10-8-93,29.0%,,,
10-15-93,31.0%,,,
10-22-93,42.0%,,,
10-29-93,43.0%,,,
11-4-93,32.0%,,,
11-11-93,35.0%,,,
11-18-93,34.0%,,,
11-24-93,45.0%,,,
12-2-93,33.0%,,,
12-9-93,37.0%,,,
12-16-93,33.0%,,,
12-23-93,36.0%,,,
12-30-93,44.0%,,,
1-6-94,40.0%,,,
1-13-94,38.0%,,,
1-20-94,48.0%,,,
1-27-94,41.0%,,,
2-3-94,38.0%,,,
2-10-94,49.0%,,,
2-17-94,40.0%,,,
2-24-94,41.0%,,,
3-3-94,31.0%,,,
3-10-94,29.0%,,,
3-17-94,24.0%,,,
3-24-94,29.0%,,,
3-31-94,23.0%,,,
4-7-94,28.0%,,,
4-14-94,29.0%,,,
4-21-94,26.0%,,,
4-28-94,27.0%,,,
5-5-94,32.0%,,,
5-12-94,38.0%,,,
5-19-94,22.0%,,,
5-26-94,29.0%,,,
6-2-94,39.0%,,,
6-9-94,28.0%,,,
6-16-94,32.0%,,,
6-23-94,29.0%,,,
6-30-94,32.0%,,,
7-7-94,28.0%,,,
7-14-94,25.0%,,,
7-21-94,34.0%,,,
7-28-94,27.0%,,,
8-4-94,22.0%,,,
8-11-94,34.0%,,,
8-18-94,30.0%,,,
8-25-94,32.0%,,,
9-1-94,43.0%,,,
9-8-94,47.0%,,,
9-15-94,45.0%,,,
9-22-94,37.0%,,,
9-29-94,38.0%,,,
10-6-94,33.0%,,,
10-13-94,35.0%,,,
10-20-94,39.0%,,,
10-27-94,43.0%,,,
11-3-94,40.0%,,,
11-10-94,37.0%,,,
11-17-94,39.0%,,,
11-23-94,39.0%,,,
11-30-94,44.0%,,,
12-8-94,30.0%,,,
12-15-94,33.0%,,,
12-22-94,42.0%,,,
12-29-94,40.0%,,,
1-5-95,44.0%,,,
1-12-95,36.0%,,,
1-19-95,37.0%,,,
1-26-95,38.0%,,,
2-2-95,38.0%,,,
2-9-95,34.0%,,,
2-16-95,43.0%,,,
2-23-95,46.0%,,,
3-2-95,53.0%,,,
3-9-95,48.0%,,,
3-16-95,39.0%,,,
3-23-95,47.0%,,,
3-30-95,52.0%,,,
4-6-95,42.0%,,,
4-13-95,40.0%,,,
4-20-95,37.0%,,,
4-27-95,52.0%,,,
5-4-95,42.0%,,,
5-11-95,44.0%,,,
5-18-95,42.0%,,,
5-25-95,44.0%,,,
6-1-95,39.0%,,,
6-8-95,44.0%,,,
6-15-95,36.0%,,,
6-22-95,48.0%,,,
6-29-95,35.0%,,,
7-6-95,35.0%,,,
7-13-95,44.0%,,,
7-20-95,43.0%,,,
7-27-95,41.0%,,,
8-3-95,38.0%,,,
8-10-95,40.0%,,,
8-17-95,36.0%,,,
8-24-95,35.0%,,,
8-31-95,38.0%,,,
9-7-95,37.0%,,,
9-14-95,46.0%,,,
9-21-95,46.0%,,,
9-28-95,42.0%,,,
10-5-95,39.0%,,,
10-12-95,41.0%,,,
10-19-95,47.0%,,,
10-26-95,46.0%,,,
11-2-95,47.0%,,,
11-9-95,49.0%,,,
11-16-95,46.0%,,,
11-22-95,48.0%,,,
11-30-95,51.0%,,,
12-7-95,48.0%,,,
12-14-95,51.0%,,,
12-21-95,48.0%,,,
12-28-95,46.0%,,,
1-4-96,55.0%,,,
1-11-96,#N/A,,,
1-18-96,42.0%,,,
1-25-96,36.0%,,,
2-1-96,54.0%,,,
2-8-96,53.0%,,,
2-15-96,54.0%,,,
2-22-96,49.0%,,,
2-29-96,45.0%,,,
3-7-96,44.0%,,,
3-14-96,36.0%,,,
3-21-96,47.0%,,,
3-28-96,45.0%,,,
4-4-96,40.0%,,,
4-11-96,40.0%,,,
4-18-96,36.0%,,,
4-25-96,28.0%,,,
5-2-96,48.0%,,,
5-9-96,46.0%,,,
5-16-96,37.0%,,,
5-23-96,51.0%,,,
5-30-96,61.0%,,,
6-6-96,47.0%,,,
6-13-96,49.0%,,,
6-20-96,42.0%,,,
6-27-96,42.0%,,,
7-3-96,32.0%,,,
7-11-96,40.0%,,,
7-18-96,29.0%,,,
7-25-96,30.0%,,,
8-1-96,29.0%,,,
8-8-96,27.0%,,,
8-15-96,43.0%,,,
8-22-96,28.0%,,,
8-29-96,28.0%,,,
9-5-96,29.0%,,,
9-12-96,26.0%,,,
9-19-96,28.0%,,,
9-26-96,34.0%,,,
10-3-96,40.0%,,,
10-10-96,38.0%,,,
10-17-96,39.0%,,,
10-24-96,42.0%,,,
10-31-96,37.0%,,,
11-7-96,26.0%,,,
11-14-96,37.0%,,,
11-21-96,43.0%,,,
11-27-96,52.0%,,,
12-5-96,41.0%,,,
12-12-96,40.0%,,,
12-19-96,33.0%,,,
12-26-96,37.0%,,,
1-2-97,43.0%,,,
1-9-97,36.0%,,,
1-16-97,42.0%,,,
1-23-97,37.0%,,,
1-30-97,51.0%,,,
2-6-97,47.0%,,,
2-13-97,45.0%,,,
2-20-97,44.0%,,,
2-27-97,63.0%,,,
3-6-97,43.0%,,,
3-13-97,34.0%,,,
3-20-97,36.0%,,,
3-27-97,27.0%,,,
4-3-97,29.0%,,,
4-10-97,26.0%,,,
4-17-97,31.0%,,,
4-24-97,28.0%,,,
5-1-97,27.0%,,,
5-8-97,30.0%,,,
5-15-97,41.0%,,,
5-22-97,40.0%,,,
5-29-97,40.0%,,,
6-5-97,52.0%,,,
6-12-97,49.0%,,,
6-19-97,59.0%,,,
6-26-97,52.0%,,,
7-3-97,45.0%,,,
7-10-97,49.0%,,,
7-17-97,54.0%,,,
7-24-97,53.0%,,,
7-31-97,48.0%,,,
8-7-97,49.0%,,,
8-14-97,49.0%,,,
8-21-97,47.0%,,,
8-28-97,50.0%,,,
9-4-97,37.0%,,,
9-11-97,42.0%,,,
9-18-97,40.0%,,,
9-25-97,39.0%,,,
10-2-97,38.0%,,,
10-9-97,43.0%,,,
10-16-97,43.0%,,,
10-23-97,40.0%,,,
10-30-97,41.0%,,,
11-6-97,38.0%,,,
11-13-97,45.0%,,,
11-20-97,40.0%,,,
11-26-97,40.0%,,,
12-4-97,49.0%,,,
12-11-97,46.0%,,,
12-18-97,40.0%,,,
12-24-97,41.0%,,,
12-31-97,34.0%,,,
1-8-98,42.0%,,,
1-16-98,38.0%,,,
1-23-98,31.0%,,,
1-30-98,38.0%,,,
2-5-98,30.0%,,,
2-12-98,45.0%,,,
2-19-98,42.0%,,,
2-26-98,53.0%,,,
3-5-98,53.0%,,,
3-12-98,44.0%,,,
3-19-98,40.0%,,,
3-26-98,45.0%,,,
4-2-98,46.0%,,,
4-9-98,41.0%,,,
4-16-98,53.0%,,,
4-23-98,40.0%,,,
4-30-98,44.0%,,,
5-7-98,43.0%,,,
5-14-98,33.0%,,,
5-21-98,38.0%,,,
5-28-98,34.0%,,,
6-4-98,25.0%,,,
6-11-98,27.0%,,,
6-18-98,29.0%,,,
6-25-98,28.0%,,,
7-2-98,33.0%,,,
7-9-98,36.0%,,,
7-16-98,35.0%,,,
7-23-98,37.0%,,,
7-30-98,44.0%,,,
8-6-98,30.0%,,,
8-13-98,27.0%,,,
8-20-98,25.0%,,,
8-27-98,23.0%,,,
9-3-98,23.0%,,,
9-10-98,29.0%,,,
9-17-98,34.0%,,,
9-24-98,34.0%,,,
10-1-98,32.0%,,,
10-8-98,25.0%,,,
10-15-98,25.0%,,,
10-22-98,32.0%,,,
10-29-98,43.0%,,,
11-5-98,38.0%,,,
11-12-98,50.0%,,,
11-19-98,40.0%,,,
11-25-98,48.0%,,,
12-3-98,49.0%,,,
12-10-98,44.0%,,,
12-17-98,41.0%,,,
12-23-98,34.0%,,,
12-31-98,41.0%,,,
1-7-99,38.0%,,,
1-14-99,51.0%,,,
1-21-99,56.0%,,,
1-28-99,47.0%,,,
2-4-99,48.0%,,,
2-11-99,48.0%,,,
2-18-99,37.0%,,,
2-25-99,37.0%,,,
3-4-99,36.0%,,,
3-11-99,37.0%,,,
3-18-99,48.0%,,,
3-25-99,38.0%,,,
4-1-99,40.0%,,,
4-8-99,36.0%,,,
4-15-99,41.0%,,,
4-22-99,38.0%,,,
4-29-99,41.0%,,,
5-6-99,54.0%,,,
5-13-99,43.0%,,,
5-20-99,43.0%,,,
5-27-99,38.0%,,,
6-3-99,32.0%,,,
6-10-99,32.0%,,,
6-17-99,38.0%,,,
6-24-99,30.0%,,,
7-1-99,35.0%,,,
7-8-99,43.0%,,,
7-15-99,54.0%,,,
7-22-99,55.0%,,,
7-29-99,42.0%,,,
8-5-99,30.0%,,,
8-12-99,30.0%,,,
8-19-99,31.0%,,,
8-26-99,35.0%,,,
9-2-99,44.0%,,,
9-9-99,37.0%,,,
9-16-99,36.0%,,,
9-23-99,36.0%,,,
9-30-99,35.0%,,,
10-7-99,34.0%,,,
10-14-99,42.0%,,,
10-21-99,38.0%,,,
10-28-99,38.0%,,,
11-4-99,43.0%,,,
11-11-99,48.0%,,,
11-18-99,46.0%,,,
11-24-99,55.0%,,,
12-2-99,62.0%,,,
12-9-99,62.0%,,,
12-16-99,54.0%,,,
12-23-99,52.0%,,,
12-30-99,60.0%,,,
1-6-00,75.0%,,,
1-13-00,59.3%,,,
1-20-00,57.1%,,,
1-27-00,53.7%,,,
2-3-00,51.1%,,,
2-10-00,41.9%,,,
2-17-00,27.3%,,,
2-24-00,41.4%,,,
3-2-00,36.7%,,,
3-8-00,58.3%,,,
3-16-00,50.0%,,,
3-23-00,65.7%,,,
3-30-00,38.9%,,,
4-6-00,45.8%,,,
4-13-00,51.9%,,,
4-20-00,63.7%,,,
4-27-00,61.3%,,,
5-4-00,34.8%,,,
5-11-00,30.2%,,,
5-18-00,35.3%,,,
5-25-00,34.9%,,,
6-1-00,41.7%,,,
6-8-00,61.5%,,,
6-15-00,43.8%,,,
6-22-00,26.7%,,,
7-6-00,56.1%,,,
7-13-00,65.0%,,,
7-20-00,66.7%,,,
7-27-00,42.9%,,,
8-3-00,41.3%,,,
8-10-00,54.1%,,,
8-17-00,59.4%,,,
8-23-00,57.7%,,,
8-31-00,55.9%,,,
9-7-00,62.5%,,,
9-14-00,41.2%,,,
9-21-00,43.8%,,,
9-28-00,53.3%,,,
10-5-00,41.9%,,,
10-12-00,41.5%,,,
10-19-00,48.9%,,,
10-26-00,64.1%,,,
11-2-00,51.6%,,,
11-9-00,62.9%,,,
11-16-00,45.8%,,,
11-23-00,36.5%,,,
11-30-00,60.4%,,,
12-7-00,47.1%,,,
12-14-00,59.6%,,,
12-21-00,31.1%,,,
12-28-00,40.0%,,,
1-4-01,42.6%,,,
1-11-01,35.7%,,,
1-18-01,36.6%,,,
1-25-01,49.2%,,,
2-1-01,50.0%,,,
2-8-01,55.6%,,,
2-15-01,30.4%,,,
2-22-01,26.3%,,,
3-1-01,46.0%,,,
3-8-01,31.6%,,,
3-15-01,30.9%,,,
3-22-01,27.8%,,,
3-29-01,37.3%,,,
4-5-01,35.1%,,,
4-12-01,30.3%,,,
4-19-01,43.8%,,,
4-26-01,46.6%,,,
5-3-01,63.5%,,,
5-10-01,53.3%,,,
5-17-01,51.8%,,,
5-24-01,61.9%,,,
5-31-01,49.4%,,,
6-7-01,42.6%,,,
6-14-01,30.5%,,,
6-21-01,33.3%,,,
6-28-01,30.4%,,,
7-5-01,40.7%,,,
7-12-01,25.3%,,,
7-19-01,50.0%,,,
7-26-01,29.5%,,,
8-2-01,36.4%,,,
8-9-01,34.9%,,,
8-16-01,35.4%,,,
8-23-01,34.5%,,,
8-30-01,31.4%,,,
9-6-01,30.3%,,,
9-13-01,26.7%,,,
9-20-01,31.1%,,,
9-27-01,51.1%,,,
10-4-01,51.2%,,,
10-11-01,47.4%,,,
10-18-01,60.6%,,,
10-25-01,55.9%,,,
11-1-01,35.0%,,,
11-8-01,34.6%,,,
11-15-01,45.5%,,,
11-22-01,58.3%,,,
11-29-01,69.3%,,,
12-6-01,59.2%,,,
12-13-01,61.4%,,,
12-20-01,52.5%,,,
12-27-01,57.7%,,,
1-3-02,51.1%,,,
1-10-02,54.8%,,,
1-17-02,29.6%,,,
1-24-02,34.7%,,,
1-31-02,45.5%,,,
2-7-02,37.5%,,,
2-14-02,45.2%,,,
2-21-02,36.4%,,,
2-28-02,44.4%,,,
3-7-02,53.3%,,,
3-14-02,56.5%,,,
3-21-02,53.2%,,,
3-28-02,51.2%,,,
4-4-02,40.5%,,,
4-11-02,28.2%,,,
4-18-02,40.2%,,,
4-25-02,36.7%,,,
5-2-02,27.0%,,,
5-9-02,30.3%,,,
5-16-02,36.8%,,,
5-23-02,26.2%,,,
5-29-02,28.3%,,,
6-6-02,32.8%,,,
6-13-02,31.8%,,,
6-20-02,45.7%,,,
6-27-02,31.0%,,,
7-3-02,26.6%,,,
7-11-02,35.1%,,,
7-18-02,26.3%,,,
7-25-02,27.9%,,,
8-1-02,34.2%,,,
8-8-02,37.7%,,,
8-15-02,37.9%,,,
8-22-02,43.8%,,,
8-29-02,50.0%,,,
9-5-02,31.5%,,,
9-12-02,38.4%,,,
9-19-02,33.8%,,,
9-26-02,24.5%,,,
10-3-02,35.2%,,,
10-10-02,28.9%,,,
10-17-02,39.5%,,,
10-24-02,44.6%,,,
10-31-02,51.5%,,,
11-7-02,50.0%,,,
11-14-02,48.7%,,,
11-21-02,50.6%,,,
11-28-02,51.1%,,,
12-5-02,52.9%,,,
12-12-02,41.4%,,,
12-19-02,42.9%,,,
12-26-02,40.0%,,,
1-2-03,32.4%,,,
1-9-03,38.1%,,,
1-16-03,29.2%,,,
1-23-03,25.0%,,,
1-30-03,25.5%,,,
2-6-03,22.9%,,,
2-13-03,21.9%,,,
2-20-03,21.1%,,,
2-27-03,26.0%,,,
3-6-03,33.3%,,,
3-13-03,34.3%,,,
3-20-03,42.9%,,,
3-27-03,39.4%,,,
4-3-03,32.4%,,,
4-10-03,38.5%,,,
4-17-03,46.3%,,,
4-24-03,63.0%,,,
5-1-03,48.6%,,,
5-8-03,52.8%,,,
5-15-03,62.8%,,,
5-22-03,38.5%,,,
5-29-03,62.9%,,,
6-5-03,52.0%,,,
6-12-03,50.0%,,,
6-19-03,56.4%,,,
6-26-03,71.4%,,,
7-3-03,41.2%,,,
7-10-03,43.2%,,,
7-17-03,51.3%,,,
7-24-03,52.0%,,,
7-31-03,51.5%,,,
8-7-03,45.5%,,,
8-14-03,50.6%,,,
8-21-03,63.0%,,,
8-28-03,56.7%,,,
9-4-03,62.3%,,,
9-11-03,58.1%,,,
9-18-03,62.8%,,,
9-25-03,57.3%,,,
10-2-03,50.0%,,,
10-9-03,57.6%,,,
10-16-03,60.3%,,,
10-23-03,52.8%,,,
10-30-03,57.8%,,,
11-6-03,57.6%,,,
11-13-03,53.3%,,,
11-20-03,53.2%,,,
11-27-03,60.4%,,,
12-4-03,69.4%,,,
12-11-03,55.3%,,,
12-18-03,60.2%,,,
12-26-03,65.5%,,,
1-1-04,62.4%,,,
1-8-04,67.2%,,,
1-15-04,66.3%,,,
1-22-04,69.5%,,,
1-29-04,56.9%,,,
2-5-04,50.9%,,,
2-12-04,56.1%,,,
2-19-04,56.5%,,,
2-26-04,41.6%,,,
3-4-04,47.8%,,,
3-11-04,41.3%,,,
3-18-04,38.6%,,,
3-25-04,31.5%,,,
4-1-04,55.2%,,,
4-8-04,58.8%,,,
4-15-04,63.8%,,,
4-22-04,50.0%,,,
4-29-04,50.0%,,,
5-6-04,39.0%,,,
5-13-04,32.9%,,,
5-20-04,36.7%,,,
5-27-04,36.1%,,,
6-3-04,33.3%,,,
6-10-04,55.3%,,,
6-17-04,41.4%,,,
6-24-04,56.4%,,,
7-1-04,57.0%,,,
7-8-04,55.1%,,,
7-15-04,47.4%,,,
7-22-04,35.7%,,,
7-29-04,34.0%,,,
8-5-04,31.0%,,,
8-12-04,38.6%,,,
8-19-04,34.9%,,,
8-26-04,41.5%,,,
9-2-04,41.5%,,,
9-9-04,50.5%,,,
9-16-04,45.5%,,,
9-23-04,51.2%,,,
9-30-04,41.1%,,,
10-7-04,56.9%,,,
10-14-04,44.7%,,,
10-21-04,42.5%,,,
10-28-04,42.3%,,,
11-4-04,57.1%,,,
11-11-04,62.5%,,,
11-18-04,64.1%,,,
11-24-04,49.5%,,,
12-2-04,56.8%,,,
12-9-04,51.4%,,,
12-16-04,52.5%,,,
12-23-04,60.2%,,,
12-30-04,57.7%,,,
1-6-05,38.1%,,,
1-13-05,34.0%,,,
1-20-05,33.7%,,,
1-27-05,26.4%,,,
2-3-05,41.7%,,,
2-10-05,43.8%,,,
2-17-05,36.4%,,,
2-24-05,31.8%,,,
3-3-05,39.5%,,,
3-10-05,49.7%,,,
3-17-05,32.5%,,,
3-24-05,23.2%,,,
3-31-05,28.4%,,,
4-7-05,27.7%,,,
4-14-05,16.5%,,,
4-21-05,36.8%,,,
4-28-05,29.8%,,,
5-5-05,28.6%,,,
5-12-05,30.5%,,,
5-19-05,38.92%,,,
5-26-05,44.14%,,,
6-2-05,48.61%,,,
6-9-05,45.98%,,,
6-16-05,48.05%,,,
6-23-05,46.59%,,,
6-30-05,45.89%,,,
7-7-05,43.01%,,,
7-14-05,57.89%,,,
7-21-05,41.18%,,,
7-28-05,57.52%,,,
8-4-05,47.83%,,,
8-11-05,39.74%,,,
8-18-05,29.29%,,,
8-25-05,36.14%,,,
9-1-05,31.76%,,,
9-8-05,42.31%,,,
9-15-05,51.43%,,,
9-22-05,39.47%,,,
9-29-05,31.88%,,,
10-6-05,50.00%,,,
10-13-05,38.96%,,,
10-20-05,43.11%,,,
10-27-05,32.05%,,,
11-3-05,42.95%,,,
11-10-05,58.62%,,,
11-17-05,53.63%,,,
11-24-05,57.33%,,,
12-1-05,52.47%,,,
12-8-05,49.47%,,,
12-15-05,46.15%,,,
12-22-05,41.03%,,,
12-29-05,37.30%,,,
1-5-06,29.35%,,,
1-12-06,58.96%,,,
1-19-06,50.00%,,,
1-26-06,30.77%,,,
2-2-06,44.70%,,,
2-9-06,40.19%,,,
2-16-06,40.18%,,,
2-23-06,43.21%,,,
3-2-06,40.94%,,,
3-9-06,41.21%,,,
3-16-06,46.55%,,,
3-23-06,43.75%,,,
3-30-06,37.21%,,,
4-6-06,47.67%,,,
4-13-06,45.36%,,,
4-20-06,33.73%,,,
4-27-06,42.11%,,,
5-4-06,45.89%,,,
5-11-06,54.90%,,,
5-18-06,39.39%,,,
5-25-06,33.04%,,,
6-1-06,30.77%,,,
6-8-06,26.23%,,,
6-15-06,26.41%,,,
6-22-06,34.40%,,,
6-29-06,38.60%,,,
7-6-06,37.70%,,,
7-13-06,36.50%,,,
7-20-06,23.85%,,,
7-27-06,34.88%,,,
8-3-06,31.46%,,,
8-10-06,36.59%,,,
8-17-06,30.53%,,,
8-24-06,39.35%,,,
8-31-06,41.57%,,,
9-7-06,42.99%,,,
9-14-06,47.95%,,,
9-21-06,47.75%,,,
9-28-06,51.32%,,,
10-5-06,37.78%,,,
10-12-06,48.98%,,,
10-19-06,54.20%,,,
10-26-06,52.17%,,,
11-2-06,43.75%,,,
11-9-06,50.60%,,,
11-16-06,46.56%,,,
11-23-06,41.94%,,,
11-30-06,40.22%,,,
12-7-06,38.94%,,,
12-14-06,41.33%,,,
12-21-06,39.08%,,,
12-28-06,46.00%,,,
1-4-07,49.14%,,,
1-11-07,44.44%,,,
1-18-07,57.78%,,,
1-25-07,39.51%,,,
2-1-07,46.32%,,,
2-8-07,46.15%,,,
2-15-07,47.57%,,,
2-22-07,53.85%,,,
3-1-07,36.63%,,,
3-8-07,35.80%,,,
3-15-07,32.99%,,,
3-22-07,43.88%,,,
3-29-07,42.68%,,,
4-5-07,32.26%,,,
4-12-07,40.85%,,,
4-19-07,46.94%,,,
4-26-07,39.24%,,,
5-3-07,28.57%,,,
5-10-07,42.86%,,,
5-17-07,38.39%,,,
5-24-07,37.35%,,,
5-31-07,33.33%,,,
6-7-07,40.59%,,,
6-14-07,37.30%,,,
6-21-07,43.16%,,,
6-28-07,39.02%,,,
7-5-07,43.84%,,,
7-12-07,43.64%,,,
7-19-07,41.77%,,,
7-26-07,44.21%,,,
8-2-07,45.88%,,,
8-9-07,45.76%,,,
8-16-07,42.22%,,,
8-23-07,41.28%,,,
8-30-07,40.30%,,,
9-6-07,38.38%,,,
9-13-07,40.00%,,,
9-20-07,39.24%,,,
9-27-07,49.37%,,,
10-4-07,51.81%,,,
10-11-07,54.64%,,,
10-18-07,41.96%,,,
10-25-07,31.25%,,,
11-1-07,44.71%,,,
11-8-07,36.19%,,,
11-15-07,33.01%,,,
11-22-07,25.58%,,,
11-29-07,28.57%,,,
12-6-07,40.65%,,,
12-13-07,47.62%,,,
12-20-07,35.85%,,,
12-27-07,30.00%,,,
1-3-08,25.71%,,,
1-10-08,19.63%,,,
1-17-08,24.30%,,,
1-24-08,25.14%,,,
1-31-08,30.08%,,,
2-7-08,34.11%,,,
2-14-08,33.33%,,,
2-21-08,33.18%,,,
2-28-08,34.31%,,,
3-6-08,21.98%,,,
3-13-08,20.42%,,,
3-20-08,25.21%,,,
3-27-08,41.60%,,,
4-3-08,36.70%,,,
4-10-08,45.76%,,,
4-17-08,30.37%,,,
4-24-08,46.67%,,,
5-1-08,53.29%,,,
5-8-08,52.81%,,,
5-15-08,45.16%,,,
5-22-08,46.30%,,,
5-29-08,31.36%,,,
6-5-08,43.48%,,,
6-12-08,31.25%,,,
6-19-08,32.98%,,,
6-26-08,31.25%,,,
7-3-08,23.93%,,,
7-10-08,22.17%,,,
7-17-08,25.00%,,,
7-24-08,35.82%,,,
7-31-08,40.00%,,,
8-7-08,35.61%,,,
8-14-08,42.86%,,,
8-21-08,38.10%,,,
8-28-08,30.68%,,,
9-4-08,37.04%,,,
9-11-08,29.27%,,,
9-18-08,27.21%,,,
9-25-08,34.04%,,,
10-2-08,33.33%,,,
10-9-08,31.47%,,,
10-16-08,40.94%,,,
10-23-08,38.74%,,,
10-30-08,37.14%,,,
11-6-08,44.83%,,,
11-13-08,38.33%,,,
11-20-08,24.37%,,,
11-27-08,31.25%,,,
12-4-08,26.67%,,,
12-11-08,37.50%,,,
12-18-08,39.73%,,,
12-25-08,28.95%,,,
1-1-09,24.00%,,,
1-8-09,48.70%,,,
1-15-09,27.63%,,,
1-22-09,27.21%,,,
1-29-09,25.27%,,,
2-5-09,24.63%,,,
2-12-09,32.91%,,,
2-19-09,21.64%,,,
2-26-09,24.30%,,,
3-5-09,18.92%,,,
3-12-09,27.64%,,,
3-19-09,45.06%,,,
3-26-09,39.13%,,,
4-2-09,42.66%,,,
4-9-09,35.71%,,,
4-16-09,44.14%,,,
4-23-09,31.82%,,,
4-30-09,36.09%,,,
5-7-09,44.09%,,,
5-14-09,43.81%,,,
5-21-09,33.72%,,,
5-28-09,40.37%,,,
6-4-09,47.56%,,,
6-11-09,39.25%,,,
6-18-09,33.33%,,,
6-25-09,28.00%,,,
7-2-09,37.84%,,,
7-9-09,27.91%,,,
7-16-09,28.68%,,,
7-23-09,37.60%,,,
7-30-09,47.67%,,,
8-6-09,50.00%,,,
8-13-09,51.00%,,,
8-20-09,34.07%,,,
8-27-09,33.98%,,,
9-3-09,37.97%,,,
9-10-09,37.33%,,,
9-17-09,42.14%,,,
9-24-09,39.09%,,,
10-1-09,43.55%,,,
10-8-09,35.09%,,,
10-15-09,47.30%,,,
10-22-09,40.48%,,,
10-29-09,33.65%,,,
11-5-09,22.22%,,,
11-12-09,38.60%,,,
11-19-09,42.73%,,,
11-26-09,41.66%,,,
12-3-09,41.58%,,,
12-10-09,42.68%,,,
12-17-09,42.11%,,,
12-24-09,37.68%,,,
12-31-09,49.18%,,,
1-7-10,41.00%,,,
1-14-10,47.44%,,,
1-21-10,40.00%,,,
1-28-10,35.00%,,,
2-4-10,29.23%,,,
2-11-10,36.75%,,,
2-18-10,35.85%,,,
2-25-10,34.89%,,,
3-4-10,35.86%,,,
3-11-10,45.29%,,,
3-18-10,35.37%,,,
3-25-10,32.39%,,,
4-1-10,41.30%,,,
4-8-10,42.86%,,,
4-15-10,48.48%,,,
4-22-10,38.12%,,,
4-29-10,41.36%,,,
5-6-10,39.13%,,,
5-13-10,36.60%,,,
5-20-10,41.30%,,,
5-27-10,29.83%,,,
6-3-10,37.09%,,,
6-10-10,34.48%,,,
6-17-10,42.45%,,,
6-24-10,34.46%,,,
7-1-10,24.68%,,,
7-8-10,20.94%,,,
7-15-10,39.37%,,,
7-22-10,32.16%,,,
7-29-10,40.00%,,,
8-5-10,30.39%,,,
8-12-10,39.76%,,,
8-19-10,30.11%,,,
8-26-10,20.74%,,,
9-2-10,30.80%,,,
9-9-10,43.87%,,,
9-16-10,50.89%,,,
9-23-10,44.97%,,,
9-30-10,42.53%,,,
10-7-10,49.03%,,,
10-14-10,47.10%,,,
10-21-10,49.62%,,,
10-28-10,51.23%,,,
11-4-10,48.23%,,,
11-11-10,57.56%,,,
11-18-10,40.00%,,,
11-25-10,47.40%,,,
12-2-10,49.66%,,,
12-9-10,53.05%,,,
12-16-10,50.23%,,,
12-23-10,63.28%,,,
12-30-10,51.61%,,,
1-6-11,55.88%,,,
1-13-11,52.34%,,,
1-20-11,50.75%,,,
1-27-11,42.04%,,,
2-3-11,51.54%,,,
2-10-11,49.40%,,,
2-17-11,46.58%,,,
2-24-11,36.63%,,,
3-3-11,36.79%,,,
3-10-11,35.97%,,,
3-17-11,28.49%,,,
3-24-11,37.74%,,,
3-31-11,41.81%,,,
4-7-11,43.59%,,,
4-14-11,42.25%,,,
4-21-11,32.16%,,,
4-28-11,37.90%,,,
5-5-11,35.46%,,,
5-12-11,30.77%,,,
5-19-11,26.69%,,,
5-26-11,25.61%,,,
6-2-11,30.18%,,,
6-9-11,24.42%,,,
6-16-11,29.00%,,,
6-23-11,37.46%,,,
6-30-11,38.31%,,,
7-7-11,41.77%,,,
7-14-11,39.31%,,,
7-21-11,39.86%,,,
7-28-11,37.84%,,,
8-4-11,27.16%,,,
8-11-11,33.43%,,,
8-18-11,35.56%,,,
8-25-11,36.44%,,,
9-1-11,38.62%,,,
9-8-11,30.22%,,,
9-15-11,30.50%,,,
9-22-11,25.33%,,,
9-29-11,32.51%,,,
10-6-11,35.23%,,,
10-13-11,39.77%,,,
10-20-11,35.98%,,,
10-27-11,43.00%,,,
11-3-11,40.18%,,,
11-10-11,44.73%,,,
11-17-11,41.93%,,,
11-24-11,32.71%,,,
12-1-11,33.04%,,,
12-8-11,38.57%,,,
12-15-11,40.18%,,,
12-22-11,33.73%,,,
12-29-11,40.60%,,,
1-5-12,48.88%,,,
1-12-12,49.14%,,,
1-19-12,47.23%,,,
1-26-12,48.40%,,,
2-2-12,43.81%,,,
2-9-12,51.64%,,,
2-16-12,42.71%,,,
2-23-12,43.69%,,,
3-1-12,44.51%,,,
3-8-12,42.38%,,,
3-15-12,45.61%,,,
3-22-12,42.38%,,,
3-29-12,42.47%,,,
4-5-12,38.17%,,,
4-12-12,28.14%,,,
4-19-12,31.18%,,,
4-26-12,27.64%,,,
5-3-12,35.40%,,,
5-10-12,25.40%,,,
5-17-12,23.58%,,,
5-24-12,30.47%,,,
5-31-12,28.02%,,,
6-7-12,27.45%,,,
6-14-12,34.04%,,,
6-21-12,32.89%,,,
6-28-12,28.67%,,,
7-5-12,32.64%,,,
7-12-12,30.23%,,,
7-19-12,22.19%,,,
7-26-12,28.12%,,,
8-2-12,30.45%,,,
8-9-12,36.47%,,,
8-16-12,36.84%,,,
8-23-12,41.96%,,,
8-30-12,34.72%,,,
9-6-12,33.06%,,,
9-13-12,36.46%,,,
9-20-12,37.50%,,,
9-27-12,36.10%,,,
10-4-12,33.86%,,,
10-11-12,30.58%,,,
10-18-12,28.66%,,,
10-25-12,29.25%,,,
11-1-12,35.74%,,,
11-8-12,38.50%,,,
11-15-12,28.82%,,,
11-22-12,35.82%,,,
11-28-12,40.93%,,,
12-6-12,42.22%,,,
12-13-12,43.23%,,,
12-20-12,46.40%,,,
12-27-12,44.40%,,,
1-3-13,38.71%,,,
1-10-13,46.45%,,,
1-17-13,43.94%,,,
1-24-13,52.34%,,,
1-31-13,48.04%,,,
2-7-13,42.77%,,,
2-14-13,42.25%,,,
2-21-13,41.79%,,,
2-28-13,28.39%,,,
3-7-13,31.06%,,,
3-14-13,45.42%,,,
3-21-13,38.94%,,,
3-28-13,38.40%,,,
4-4-13,35.49%,,,
4-11-13,19.31%,,,
4-18-13,26.85%,,,
4-25-13,28.29%,,,
5-2-13,30.99%,,,
5-9-13,40.79%,,,
5-16-13,38.49%,,,
5-23-13,48.97%,,,
5-30-13,35.97%,,,
6-6-13,29.47%,,,
6-13-13,32.97%,,,
6-20-13,37.45%,,,
6-27-13,30.28%,,,
7-4-13,41.99%,,,
7-11-13,48.94%,,,
7-18-13,47.74%,,,
7-25-13,45.12%,,,
8-1-13,35.62%,,,
8-8-13,39.50%,,,
8-15-13,34.51%,,,
8-22-13,28.96%,,,
8-29-13,33.54%,,,
9-5-13,35.53%,,,
9-12-13,45.52%,,,
9-19-13,45.11%,,,
9-26-13,36.05%,,,
10-3-13,37.84%,,,
10-10-13,41.33%,,,
10-17-13,46.28%,,,
10-24-13,49.20%,,,
10-31-13,44.97%,,,
11-7-13,45.48%,,,
11-14-13,39.20%,,,
11-21-13,34.39%,,,
11-28-13,47.30%,,,
12-5-13,42.64%,,,
12-12-13,41.27%,,,
12-19-13,47.46%,,,
12-26-13,55.06%,,,
1-2-14,43.09%,,,
1-9-14,43.62%,,,
1-16-14,38.99%,,,
1-23-14,38.12%,,,
1-30-14,32.18%,,,
2-6-14,27.90%,,,
2-13-14,40.15%,,,
2-20-14,42.20%,,,
2-27-14,39.69%,,,
3-6-14,40.51%,,,
3-13-14,41.34%,,,
3-20-14,36.78%,,,
3-27-14,31.16%,,,
4-3-14,35.36%,,,
4-10-14,28.48%,,,
4-17-14,27.22%,,,
4-24-14,34.50%,,,
5-1-14,29.77%,,,
5-8-14,28.34%,,,
5-15-14,33.12%,,,
5-22-14,30.43%,,,
5-29-14,36.46%,,,
6-5-14,39.51%,,,
6-12-14,44.69%,,,
6-19-14,35.17%,,,
6-26-14,37.22%,,,
7-3-14,38.51%,,,
7-10-14,37.64%,,,
7-17-14,32.36%,,,
7-24-14,29.63%,,,
7-31-14,31.12%,,,
8-7-14,30.89%,,,
8-14-14,39.81%,,,
8-21-14,46.11%,,,
8-28-14,51.92%,,,
9-4-14,44.67%,,,
9-11-14,40.38%,,,
9-18-14,42.24%,,,
9-25-14,41.84%,,,
10-2-14,35.42%,,,
10-9-14,39.88%,,,
10-16-14,42.66%,,,
10-23-14,49.69%,,,
10-30-14,49.37%,,,
11-6-14,52.69%,,,
11-13-14,57.93%,,,
11-20-14,49.12%,,,
11-27-14,52.15%,,,
12-4-14,42.68%,,,
12-11-14,45.02%,,,
12-18-14,38.74%,,,
12-25-14,50.94%,,,
1-1-15,51.74%,,,
1-8-15,41.01%,,,
1-15-15,46.11%,,,
1-22-15,37.14%,,,
1-29-15,44.17%,,,
2-5-15,35.49%,,,
2-12-15,40.00%,,,
2-19-15,47.02%,,,
2-26-15,45.37%,,,
3-5-15,39.80%,,,
3-12-15,31.60%,,,
3-19-15,27.16%,,,
3-26-15,38.43%,,,
4-2-15,35.40%,,,
4-9-15,28.70%,,,
4-16-15,32.07%,,,
4-23-15,31.47%,,,
4-30-15,30.84%,,,
5-7-15,27.06%,,,
5-14-15,26.74%,,,
5-21-15,25.21%,,,
5-28-15,27.00%,,,
6-4-15,27.34%,,,
6-11-15,20.04%,,,
6-18-15,25.41%,,,
6-25-15,35.56%,,,
7-2-15,22.61%,,,
7-9-15,27.91%,,,
7-16-15,30.81%,,,
7-23-15,32.54%,,,
7-30-15,21.11%,,,
8-6-15,24.32%,,,
8-13-15,30.45%,,,
8-20-15,26.82%,,,
8-27-15,32.50%,,,
9-3-15,32.38%,,,
9-10-15,34.65%,,,
9-17-15,33.26%,,,
9-24-15,32.12%,,,
10-1-15,28.11%,,,
10-8-15,37.52%,,,
10-15-15,34.08%,,,
10-22-15,34.77%,,,
10-29-15,40.39%,,,
11-5-15,39.00%,,,
11-12-15,34.27%,,,
11-19-15,30.77%,,,
11-26-15,32.36%,,,
12-3-15,29.49%,,,
12-10-15,28.51%,,,
12-17-15,23.87%,,,
12-24-15,26.38%,,,
12-31-15,25.07%,,,
1-7-16,22.17%,,,
1-14-16,17.90%,,,
1-21-16,21.52%,,,
1-28-16,29.75%,,,
2-4-16,27.55%,,,
2-11-16,19.24%,,,
2-18-16,27.56%,,,
2-25-16,31.19%,,,
3-3-16,32.02%,,,
3-10-16,37.36%,,,
3-17-16,29.96%,,,
3-24-16,33.78%,,,
3-31-16,27.18%,,,
4-7-16,32.19%,,,
4-14-16,27.85%,,,
4-21-16,33.41%,,,
4-28-16,27.37%,,,
5-5-16,22.33%,,,
5-12-16,20.41%,,,
5-19-16,19.34%,,,
5-26-16,17.75%,,,
6-2-16,30.17%,,,
6-9-16,27.83%,,,
6-16-16,25.35%,,,
6-23-16,21.97%,,,
6-30-16,28.91%,,,
7-7-16,31.06%,,,
7-14-16,36.87%,,,
7-21-16,35.43%,,,
7-28-16,31.25%,,,
8-4-16,29.79%,,,
8-11-16,31.29%,,,
8-18-16,35.56%,,,
8-25-16,29.42%,,,
9-1-16,28.60%,,,
9-8-16,29.75%,,,
9-15-16,27.94%,,,
9-22-16,24.83%,,,
9-29-16,24.00%,,,
10-6-16,28.79%,,,
10-13-16,25.47%,,,
10-20-16,23.74%,,,
10-27-16,24.75%,,,
11-3-16,23.64%,,,
11-10-16,38.89%,,,
11-17-16,46.65%,,,
11-24-16,49.89%,,,
12-1-16,43.78%,,,
12-8-16,43.12%,,,
12-15-16,44.66%,,,
12-22-16,44.61%,,,
12-29-16,45.57%,,,
1-5-17,46.20%,,,
1-12-17,43.64%,,,
1-19-17,37.01%,,,
1-26-17,31.58%,,,
2-2-17,32.80%,,,
2-9-17,35.80%,,,
2-16-17,33.09%,,,
2-23-17,38.46%,,,
3-2-17,37.91%,,,
3-9-17,30.00%,,,
3-16-17,31.17%,,,
3-23-17,35.28%,,,
3-30-17,30.22%,,,
4-6-17,28.30%,,,
4-13-17,28.97%,,,
4-20-17,25.71%,,,
4-27-17,38.05%,,,
5-4-17,38.07%,,,
5-11-17,32.73%,,,
5-18-17,23.85%,,,
5-25-17,32.86%,,,
6-1-17,26.92%,,,
6-8-17,35.43%,,,
6-15-17,32.27%,,,
6-22-17,32.65%,,,
6-29-17,29.71%,,,
7-6-17,29.58%,,,
7-13-17,28.24%,,,
7-20-17,35.48%,,,
7-27-17,34.46%,,,
8-3-17,36.11%,,,
8-10-17,33.67%,,,
8-17-17,34.17%,,,
8-24-17,28.10%,,,
8-31-17,25.00%,,,
9-7-17,29.28%,,,
9-14-17,41.29%,,,
9-21-17,40.14%,,,
9-28-17,33.33%,,,
10-5-17,35.60%,,,
10-12-17,39.77%,,,
10-19-17,37.93%,,,
10-26-17,39.64%,,,
11-2-17,45.05%,,,
11-9-17,45.10%,,,
11-16-17,29.35%,,,
11-23-17,35.49%,,,
11-30-17,35.95%,,,
12-7-17,36.88%,,,
12-14-17,45.00%,,,
12-21-17,50.50%,,,
12-28-17,52.65%,,,
1-4-18,59.75%,,,
1-11-18,48.67%,,,
1-18-18,54.11%,,,
1-25-18,45.45%,,,
2-1-18,44.77%,,,
2-8-18,37.03%,,,
2-15-18,48.52%,,,
2-22-18,44.65%,,,
3-1-18,37.28%,,,
3-8-18,26.40%,,,
3-15-18,36.84%,,,
3-22-18,33.23%,,,
3-29-18,31.94%,,,
4-5-18,31.90%,,,
4-12-18,26.09%,,,
4-19-18,37.78%,,,
4-26-18,36.91%,,,
5-3-18,28.40%,,,
5-10-18,33.51%,,,
5-17-18,36.68%,,,
5-24-18,38.56%,,,
5-31-18,35.02%,,,
6-7-18,38.93%,,,
6-14-18,44.78%,,,
6-21-18,38.72%,,,
6-28-18,28.45%,,,
7-5-18,27.86%,,,
7-12-18,43.05%,,,
7-19-18,34.66%,,,
7-26-18,31.52%,,,
8-2-18,29.11%,,,
8-9-18,36.36%,,,
8-16-18,36.17%,,,
8-23-18,38.46%,,,
8-30-18,43.50%,,,
9-6-18,42.22%,,,
9-13-18,32.09%,,,
9-20-18,32.04%,,,
9-27-18,36.22%,,,
10-4-18,45.66%,,,
10-11-18,30.61%,,,
10-18-18,33.94%,,,
10-25-18,27.97%,,,
11-1-18,37.93%,,,
11-8-18,41.28%,,,
11-15-18,35.09%,,,
11-22-18,25.25%,,,
11-29-18,33.88%,,,
12-6-18,37.94%,,,
12-13-18,20.90%,,,
12-20-18,24.86%,,,
12-27-18,31.55%,,,
1-3-19,33.02%,,,
1-10-19,38.46%,,,
1-17-19,33.53%,,,
1-24-19,37.66%,,,
1-31-19,31.76%,,,
2-7-19,39.87%,,,
2-14-19,35.10%,,,
2-21-19,39.32%,,,
2-28-19,41.63%,,,
3-7-19,37.39%,,,
3-14-19,32.42%,,,
3-21-19,37.30%,,,
3-28-19,33.20%,,,
4-4-19,35.02%,,,
4-11-19,40.29%,,,
4-18-19,37.56%,,,
4-25-19,33.52%,,,
5-2-19,39.02%,,,
5-9-19,43.12%,,,
5-16-19,29.82%,,,
5-23-19,24.71%,,,
5-30-19,24.79%,,,
6-6-19,22.53%,,,
6-13-19,26.84%,,,
6-20-19,29.51%,,,
6-27-19,29.59%,,,
7-3-19,33.16%,,,
7-11-19,33.61%,,,
7-18-19,35.93%,,,
7-25-19,31.74%,,,
8-1-19,38.44%,,,
8-8-19,21.66%,,,
8-15-19,23.18%,,,
8-22-19,26.64%,,,
8-29-19,26.13%,,,
9-5-19,28.64%,,,
9-12-19,33.13%,,,
9-19-19,35.34%,,,
9-26-19,29.37%,,,
10-3-19,21.37%,,,
10-10-19,20.31%,,,
10-17-19,33.62%,,,
10-24-19,35.60%,,,
10-31-19,33.98%,,,
11-7-19,40.30%,,,
11-14-19,40.72%,,,
11-21-19,34.24%,,,
11-29-19,33.64%,,,
12-5-19,31.72%,,,
12-12-19,37.63%,,,
12-19-19,44.09%,,,
12-26-19,41.89%,,,
1-2-20,37.22%,,,
1-9-20,33.07%,,,
1-16-20,41.83%,,,
1-23-20,45.60%,,,
1-30-20,31.98%,,,
2-6-20,33.87%,,,
2-13-20,41.33%,,,
2-20-20,40.56%,,,
2-27-20,30.43%,,,
3-5-20,38.74%,,,
3-12-20,29.74%,,,
3-19-20,34.35%,,,
3-26-20,32.90%,,,
4-2-20,34.24%,,,
4-9-20,36.60%,,,
4-16-20,34.86%,,,
4-23-20,24.86%,,,
4-30-20,30.60%,,,
5-7-20,23.67%,,,
5-14-20,23.31%,,,
5-21-20,29.00%,,,
5-28-20,33.07%,,,
6-4-20,34.55%,,,
6-11-20,34.28%,,,
6-18-20,24.37%,,,
6-25-20,24.14%,,,
7-2-20,22.15%,,,
7-9-20,27.16%,,,
7-16-20,30.84%,,,
7-23-20,26.06%,,,
7-30-20,20.23%,,,
8-6-20,23.29%,,,
8-13-20,30.04%,,,
8-20-20,30.39%,,,
8-27-20,32.08%,,,
9-3-20,30.80%,,,
9-10-20,23.71%,,,
9-17-20,32.02%,,,
9-24-20,24.89%,,,
10-1-20,26.24%,,,
10-8-20,34.74%,,,
10-15-20,34.78%,,,
10-22-20,35.75%,,,
10-29-20,35.29%,,,
11-5-20,37.96%,,,
11-12-20,55.84%,,,
11-19-20,44.35%,,,
11-27-20,47.25%,,,
12-3-20,49.07%,,,
12-10-20,48.06%,,,
12-17-20,43.43%,,,
12-24-20,43.57%,,,
12-31-20,46.08%,,,
1-7-21,45.19%,,,
1-21-21,42.55%,,,
1-28-21,37.66%,,,
2-4-21,37.35%,,,
2-11-21,45.45%,,,
2-18-21,47.06%,,,
2-25-21,45.93%,,,
3-4-21,40.26%,,,
3-11-21,49.41%,,,
3-18-21,48.94%,,,
3-25-21,50.95%,,,
4-1-21,45.83%,,,
4-8-21,56.91%,,,
4-15-21,53.82%,,,
4-22-21,52.68%,,,
4-29-21,42.57%,,,
5-6-21,44.31%,,,
5-13-21,36.52%,,,
5-20-21,37.03%,,,
5-27-21,36.43%,,,
6-3-21,44.07%,,,
6-10-21,40.23%,,,
6-17-21,41.12%,,,
6-24-21,40.42%,,,
7-1-21,48.65%,,,
7-8-21,40.20%,,,
7-15-21,36.17%,,,
7-22-21,30.65%,,,
7-29-21,36.16%,,,
8-5-21,36.07%,,,
8-12-21,36.97%,,,
8-19-21,33.17%,,,
8-26-21,39.56%,,,
9-2-21,43.43%,,,
9-9-21,38.89%,,,
9-16-21,22.45%,,,
9-23-21,29.90%,,,
9-30-21,28.14%,,,
10-7-21,25.47%,,,
10-14-21,37.91%,,,
10-21-21,46.89%,,,
10-27-21,39.83%,,,
11-4-21,41.50%,,,
11-11-21,48.00%,,,
11-18-21,38.84%,,,
11-24-21,33.81%,,,
12-2-21,26.67%,,,
12-9-21,29.72%,,,
12-16-21,25.24%,,,
12-23-21,29.57%,,,
12-30-21,37.66%,,,
1-6-22,32.76%,,,
1-13-22,24.91%,,,
1-20-22,20.96%,,,
1-27-22,23.14%,,,
2-3-22,26.49%,,,
2-10-22,24.36%,,,
2-17-22,19.25%,,,
2-24-22,23.39%,,,
3-3-22,30.39%,,,
3-10-22,24.00%,,,
3-17-22,22.47%,,,
3-24-22,32.80%,,,
3-31-22,31.88%,,,
4-7-22,24.71%,,,
4-14-22,15.84%,,,
4-21-22,18.87%,,,
4-28-22,16.44%,,,
5-5-22,26.87%,,,
5-12-22,24.32%,,,
5-19-22,25.97%,,,
5-26-22,19.85%,,,
6-2-22,32.02%,,,
6-9-22,21.02%,,,
6-16-22,19.44%,,,
6-23-22,18.20%,,,
6-30-22,22.78%,,,
7-7-22,19.38%,,,
7-14-22,26.89%,,,
7-21-22,29.59%,,,
7-28-22,27.72%,,,
8-4-22,30.56%,,,
8-11-22,32.15%,,,
8-18-22,33.33%,,,
8-25-22,27.70%,,,
9-1-22,21.92%,,,
9-8-22,18.07%,,,
9-15-22,26.13%,,,
9-22-22,17.73%,,,
9-29-22,19.95%,,,
10-6-22,23.92%,,,
10-13-22,20.36%,,,
10-20-22,22.60%,,,
10-27-22,26.59%,,,
11-3-22,30.56%,,,
11-10-22,25.09%,,,
11-17-22,33.45%,,,
11-24-22,28.86%,,,
12-1-22,24.47%,,,
12-8-22,24.73%,,,
12-15-22,24.30%,,,
12-22-22,20.31%,,,
12-29-22,26.49%,,,
1-5-23,20.51%,,,
1-12-23,24.03%,,,
1-19-23,30.97%,,,
1-26-23,28.37%,,,
2-2-23,29.90%,,,
2-9-23,37.50%,,,
2-16-23,34.12%,,,
2-23-23,21.65%,,,
3-2-23,23.38%,,,
3-9-23,24.83%,,,
3-16-23,19.22%,,,
3-23-23,20.95%,,,
3-30-23,22.51%,,,
4-6-23,33.33%,,,
4-13-23,26.05%,,,
4-20-23,27.22%,,,
4-27-23,24.14%,,,
5-4-23,24.08%,,,
5-11-23,29.39%,,,
5-18-23,22.90%,,,
5-25-23,27.38%,,,
6-1-23,29.05%,,,
6-8-23,44.55%,,,
6-15-23,45.18%,,,
6-22-23,42.86%,,,
6-29-23,41.93%,,,
7-6-23,46.39%,,,
7-13-23,41.00%,,,
7-20-23,51.36%,,,
7-27-23,44.91%,,,
8-3-23,48.98%,,,
8-10-23,44.70%,,,
8-17-23,35.89%,,,
8-24-23,32.27%,,,
8-31-23,33.09%,,,
9-7-23,42.19%,,,
9-14-23,34.42%,,,
9-21-23,31.30%,,,
9-28-23,27.79%,,,
10-5-23,30.10%,,,
10-12-23,40.00%,,,
10-19-23,34.07%,,,
10-26-23,29.28%,,,
11-2-23,24.31%,,,
11-9-23,42.60%,,,
11-16-23,43.78%,,,
11-23-23,45.30%,,,
11-30-23,48.76%,,,
12-7-23,47.31%,,,
12-14-23,51.30%,,,
12-21-23,52.92%,,,
12-28-23,46.33%,,,
1-4-24,48.56%,,,
1-11-24,48.59%,,,
1-18-24,40.38%,,,
1-25-24,39.27%,,,
2-1-24,49.07%,,,
2-8-24,49.03%,,,
2-15-24,42.17%,,,
2-22-24,44.28%,,,
2-29-24,46.50%,,,
3-7-24,51.74%,,,
3-14-24,45.90%,,,
3-21-24,43.20%,,,
3-28-24,50.00%,,,
4-4-24,47.29%,,,
4-11-24,43.44%,,,
4-18-24,38.27%,,,
4-25-24,32.13%,,,
5-2-24,38.49%,,,
5-9-24,40.82%,,,
5-16-24,40.86%,,,
5-23-24,47.04%,,,
5-30-24,39.04%,,,
6-6-24,38.97%,,,
6-13-24,44.59%,,,
6-20-24,44.37%,,,
6-27-24,44.49%,,,
7-4-24,41.74%,,,
7-11-24,49.18%,,,
7-18-24,52.75%,,,
7-25-24,43.17%,,,
8-1-24,44.88%,,,
8-8-24,40.54%,,,
8-15-24,42.54%,,,
8-22-24,51.61%,,,
8-29-24,51.16%,,,
9-5-24,45.33%,,,
9-12-24,39.80%,,,
9-19-24,50.83%,,,
9-26-24,49.62%,,,
10-3-24,45.45%,,,
10-10-24,49.01%,,,
10-17-24,45.45%,,,
10-24-24,37.70%,,,
10-31-24,39.49%,,,
11-7-24,41.54%,,,
11-14-24,49.84%,,,
11-21-24,41.29%,,,
11-28-24,37.05%,,,
12-5-24,48.33%,,,
12-12-24,43.33%,,,
12-19-24,40.71%,,,
12-26-24,37.80%,,,
1-2-25,35.44%,,,
1-9-25,34.67%,,,
1-16-25,25.43%,,,
1-23-25,43.43%,,,
1-30-25,40.96%,,,
2-6-25,33.33%,,,
2-13-25,28.42%,,,
2-20-25,29.19%,,,
2-27-25,19.38%,,,
3-6-25,19.33%,,,
3-13-25,19.11%,,,
3-20-25,21.58%,,,
3-27-25,27.42%,,,
4-3-25,21.76%,,,
4-10-25,28.52%,,,
4-17-25,25.44%,,,
4-24-25,21.94%,,,
5-1-25,20.94%,,,
5-8-25,29.45%,,,
5-15-25,35.93%,,,
5-22-25,37.70%,,,
5-29-25,32.89%,,,
6-5-25,32.66%,,,
6-12-25,36.67%,,,
6-19-25,33.21%,,,
6-26-25,35.07%,,,
7-3-25,45.02%,,,
7-10-25,41.38%,,,
7-17-25,39.27%,,,
7-24-25,36.78%,,,
7-31-25,40.33%,,,
,,,,
,,,,
,,,,
,,,,
,,,,
,,,,
,,,,
,,,,
,,,,
,,,,
,,,,
,,,,
,,,,
,,,,
,,,,
,,,,
,,,,
,,,,
,,,,
,,,,
,,,,
,,,,
,,,,
,,,,
,,,,
,,,,
,,,,
,,,,
,,,,
,,,,
,,,,
,,,,
,,,,
,,,,
,,,,
,,,,
,,,,
,,,,
,,,,
,,,,
,,,,
,,,,
,,,,
,,,,
,,,,
,,,,
,,,,
,,,,
,,,,
,,,,
,,,,
,,,,
,,,,
,,,,
,,,,
,,,,
,,,,
,,,,
,,,,
,,,,
,,,,
,,,,
,,,,
,,,,
,,,,
,,,,
,,,,
,,,,
,,,,
,,,,
,,,,
,,,,
,,,,
,,,,
,,,,
,,,,
,,,,
,,,,
,,,,
,,,,
,,,,
,,,,
,,,,
,,,,
,,,,
,,,,
,,,,
,,,,
,,,,
,,,,
,,,,
,,,,
,,,,
,,,,
,,,,
,,,,
,,,,
,,,,
,,,,
,,,,
,,,,
,,,,
,,,,
,,,,
,,,,
,,,,
,,,,
,,,,
,,,,
,,,,
,,,,
,,,,
,,,,
,,,,
,,,,
,,,,
,,,,
,,,,
,,,,
,,,,
,,,,
,,,,
,,,,
,,,,
,,,,
,,,,
,,,,
,,,,
,,,,
,,,,
,,,,
,,,,
,,,,
,,,,
,,,,
,,,,
,,,,
,,,,
,,,,
,,,,
,,,,
,,,,
,,,,
,,,,
,,,,
,,,,
,,,,
,,,,
,,,,
,,,,
,,,,
,,,,
,,,,
,,,,
,,,,
,,,,
,,,,
,,,,
,,,,
,,,,
,,,,
,,,,
,,,,
,,,,
,,,,
,,,,
,,,,
,,,,
,,,,
,,,,
,,,,
,,,,
,,,,
,,,,
,,,,
,,,,
,,,,
,,,,
,,,,
,,,,
,,,,
,,,,
,,,,
,,,,
,,,,
,,,,
,,,,
,,,,
,,,,
,,,,
,,,,
,,,,
,,,,
,,,,
,,,,
,,,,
,,,,
,,,,
,,,,
,,,,
,,,,
,,,,
,,,,
,,,,
,,,,
,,,,
,,,,
,,,,
,,,,
,,,,
,,,,
,,,,
,,,,
,,,,
,,,,
,,,,
,,,,
,,,,
,,,,
,,,,
,,,,
,,,,
,,,,
,,,,
,,,,
,,,,
,,,,
,,,,
,,,,
,,,,
,,,,
,,,,
,,,,
,,,,
,,,,
,,,,
,,,,
,,,,
,,,,
,,,,
,,,,
,,,,
,,,,
,,,,
,,,,
,,,,
,,,,
,,,,
,,,,
,,,,
,,,,
,,,,
,,,,
,,,,
,,,,
,,,,
,,,,
,,,,
,,,,
,,,,
,,,,
,,,,
,,,,
,,,,
,,,,
,,,,
,,,,
,,,,
,,,,
,,,,
,,,,
,,,,
,,,,
,,,,
,,,,
,,,,
,,,,
,,,,
,,,,
,,,,
,,,,
,,,,
,,,,
,,,,
,,,,
,,,,
,,,,
,,,,
,,,,
,,,,
,,,,
,,,,
,,,,
,,,,
,,,,
,,,,
,,,,
,,,,
,,,,
,,,,
,,,,
,,,,
,,,,
,,,,
,,,,
,,,,
,,,,
,,,,
,,,,
,,,,
,,,,
,,,,
,,,,
,,,,
,,,,
,,,,
,,,,
,,,,
,,,,
,,,,
,,,,
,,,,
,,,,
,,,,
,,,,
,,,,
,,,,
,,,,
,,,,
,,,,
,,,,
,,,,
,,,,
,,,,
,,,,
,,,,
,,,,
,,,,
,,,,
,,,,
,,,,
,,,,
,,,,
,,,,
,,,,
,,,,
,,,,
,,,,
,,,,
,,,,
,,,,
,,,,
,,,,
,,,,
,,,,
,,,,
,,,,
,,,,
,,,,
,,,,
,,,,
,,,,
,,,,
,,,,
,,,,
,,,,
,,,,
,,,,
,,,,
,,,,
,,,,
,,,,
,,,,
,,,,
,,,,
,,,,
,,,,
,,,,
,,,,
,,,,
,,,,
,,,,
,,,,
,,,,
,,,,
,,,,
,,,,
,,,,
,,,,
,,,,
,,,,
,,,,
,,,,
,,,,
,,,,
,,,,
,,,,
,,,,
,,,,
,,,,
,,,,
,,,,
,,,,
,,,,
,,,,
,,,,
,,,,
,,,,
,,,,
,,,,
,,,,
,,,,
,,,,
,,,,
,,,,
,,,,
,,,,
,,,,
,,,,
,,,,
,,,,
,,,,
,,,,
,,,,
,,,,
,,,,
,,,,
,,,,
,,,,
,,,,
,,,,
,,,,
,,,,
,,,,
,,,,
,,,,
,,,,
,,,,
,,,,
,,,,
,,,,
,,,,
,,,,
,,,,
,,,,
,,,,
,,,,
,,,,
,,,,
,,,,
,,,,
,,,,
,,,,
,,,,
,,,,
,,,,
,,,,
,,,,
,,,,
,,,,
,,,,
,,,,
,,,,
,,,,
,,,,
,,,,
,,,,
,,,,
,,,,
,,,,
,,,,
,,,,
,,,,
,,,,
,,,,
,,,,
,,,,
,,,,
,,,,
,,,,
,,,,
,,,,
,,,,
,,,,
,,,,
,,,,
,,,,
,,,,
,,,,
,,,,
,,,,
,,,,
,,,,
,,,,
,,,,
,,,,
,,,,
,,,,
,,,,
,,,,
,,,,
,,,,
,,,,
,,,,
,,,,
,,,,
,,,,
,,,,
,,,,
,,,,
,,,,
,,,,
,,,,
,,,,
,,,,
,,,,
,,,,
,,,,
,,,,
,,,,
,,,,
,,,,
,,,,
,,,,
,,,,
,,,,
,,,,
,,,,
,,,,
,,,,
,,,,
,,,,
,,,,
,,,,
,,,,
,,,,
,,,,
,,,,
,,,,
,,,,
,,,,
,,,,
,,,,
,,,,
,,,,
,,,,
,,,,
,,,,
,,,,
,,,,
,,,,
,,,,
,,,,
,,,,
,,,,
,,,,
,,,,
,,,,
,,,,
,,,,
,,,,
,,,,
,,,,
,,,,
,,,,
,,,,
,,,,
,,,,
,,,,
,,,,
,,,,
,,,,
,,,,
,,,,
,,,,
,,,,
,,,,
,,,,
,,,,
,,,,
,,,,
,,,,
,,,,
,,,,
,,,,
,,,,
,,,,
,,,,
,,,,
,,,,
,,,,
,,,,
,,,,
,,,,
,,,,
,,,,
,,,,
,,,,
,,,,
,,,,
,,,,
,,,,
,,,,
,,,,
,,,,
,,,,
,,,,
,,,,
,,,,
,,,,
,,,,
,,,,
,,,,
,,,,
,,,,
,,,,
,,,,
,,,,
,,,,
,,,,
,,,,
,,,,
,,,,
,,,,
,,,,
,,,,
,,,,
,,,,
,,,,
,,,,
,,,,
,,,,
,,,,
,,,,
,,,,
,,,,
,,,,
,,,,
,,,,
,,,,
,,,,
,,,,
,,,,
,,,,
,,,,
,,,,
,,,,
,,,,
,,,,
,,,,
,,,,
,,,,
,,,,
,,,,
,,,,
,,,,
,,,,
,,,,
,,,,
,,,,
,,,,
,,,,
,,,,
,,,,
,,,,
,,,,
,,,,
,,,,
,,,,
,,,,
,,,,
,,,,
,,,,
,,,,
,,,,
,,,,
,,,,
,,,,
,,,,
,,,,
,,,,
,,,,
,,,,
,,,,
,,,,
,,,,
,,,,
,,,,
,,,,
,,,,
,,,,
,,,,
,,,,
,,,,
,,,,
,,,,
,,,,
,,,,
,,,,
,,,,
,,,,
,,,,
,,,,
,,,,
,,,,
,,,,
,,,,
,,,,
,,,,
,,,,
,,,,
,,,,
,,,,
,,,,
,,,,
,,,,
,,,,
,,,,
,,,,
,,,,
,,,,
,,,,
,,,,
,,,,
,,,,
,,,,
,,,,
,,,,
,,,,
,,,,
,,,,
,,,,
,,,,
,,,,
,,,,
,,,,
,,,,
,,,,
,,,,
,,,,
,,,,
,,,,
,,,,
,,,,
,,,,
,,,,
,,,,
,,,,
,,,,
,,,,
,,,,
,,,,
,,,,
,,,,
,,,,
,,,,
,,,,
,,,,
,,,,
,,,,
,,,,
,,,,
,,,,
,,,,
,,,,
,,,,
,,,,
,,,,
,,,,
,,,,
,,,,
,,,,
,,,,
,,,,
,,,,
,,,,
,,,,
,,,,
,,,,
,,,,
,,,,
,,,,
,,,,
,,,,
,,,,
,,,,
,,,,
,,,,
,,,,
,,,,
,,,,
,,,,
,,,,
,,,,
,,,,
,,,,
,,,,
,,,,
,,,,
,,,,
,,,,
,,,,
,,,,
,,,,
,,,,
,,,,
,,,,
,,,,
,,,,
,,,,
,,,,
,,,,
,,,,
,,,,
,,,,
,,,,
,,,,
,,,,
,,,,
,,,,
,,,,
,,,,
,,,,
,,,,
,,,,
,,,,
,,,,
,,,,
,,,,
,,,,
,,,,
,,,,
,,,,
,,,,
,,,,
,,,,
,,,,
,,,,
,,,,
,,,,
,,,,
,,,,
,,,,
,,,,
,,,,
,,,,
,,,,
,,,,
,,,,
,,,,
,,,,
,,,,
,,,,
,,,,
,,,,
,,,,
,,,,
,,,,
,,,,
,,,,
,,,,
,,,,
,,,,
,,,,
,,,,
,,,,
,,,,
,,,,
,,,,
,,,,
,,,,
,,,,
,,,,
,,,,
,,,,
,,,,
,,,,
,,,,
,,,,
,,,,
,,,,
,,,,
,,,,
,,,,
,,,,
,,,,
,,,,
,,,,
,,,,
,,,,
,,,,
,,,,
,,,,
,,,,
,,,,
,,,,
,,,,
,,,,
,,,,
,,,,
,,,,
,,,,
,,,,
,,,,
,,,,
,,,,
,,,,
,,,,
,,,,
,,,,
,,,,
,,,,
,,,,
,,,,
,,,,
,,,,
,,,,
,,,,
,,,,
,,,,
,,,,
,,,,
,,,,
,,,,
,,,,
,,,,
,,,,
,,,,
,,,,
,,,,
,,,,
,,,,
,,,,
,,,,
,,,,
,,,,
,,,,
,,,,
